{
  "next-env.d.ts": 1775843071.8349578,
  "next.config.js": 1775842784.8879993,
  "postcss.config.js": 1775842784.8879993,
  "tailwind.config.ts": 1775888509.1039734,
  "functions\\create-checkout\\src\\main.js": 1775842784.8720663,
  "functions\\distribute-pool\\src\\main.js": 1775888509.0955954,
  "functions\\fetch-contributors\\src\\main.js": 1775888509.0955954,
  "functions\\get-earnings\\src\\main.js": 1775842784.8720663,
  "functions\\get-my-repos\\src\\main.js": 1775842784.8720663,
  "functions\\get-repo-contributors\\src\\main.js": 1775842784.8720663,
  "functions\\list-repo\\src\\main.js": 1775842784.8720663,
  "functions\\openget-api\\src\\main.js": 1775888509.0955954,
  "functions\\register-contributor\\src\\main.js": 1775842784.8720663,
  "functions\\stripe-connect\\src\\main.js": 1775842784.8720663,
  "functions\\stripe-webhook\\src\\main.js": 1775842784.8720663,
  "functions\\upi-payment\\src\\main.js": 1775842784.8879993,
  "scripts\\deploy-functions.js": 1775842784.8879993,
  "scripts\\deploy-single-function.js": 1775842784.8879993,
  "scripts\\setup-database.js": 1775888509.1033578,
  "src\\middleware.ts": 1775888509.1039734,
  "src\\app\\layout.tsx": 1775891280.9686172,
  "src\\app\\page.tsx": 1775892300.115319,
  "src\\app\\contributors\\page.tsx": 1775842784.8920572,
  "src\\app\\contributors\\[id]\\page.tsx": 1775842784.8920572,
  "src\\app\\dashboard\\page.tsx": 1775842784.8920572,
  "src\\app\\donate\\page.tsx": 1775842784.8920572,
  "src\\app\\donate\\success\\page.tsx": 1775842784.8920572,
  "src\\app\\list-repo\\page.tsx": 1775842784.8920572,
  "src\\app\\repos\\page.tsx": 1775842784.8920572,
  "src\\app\\repos\\[id]\\page.tsx": 1775842784.8920572,
  "src\\components\\contributors\\contributor-table.tsx": 1775842784.8964853,
  "src\\components\\layout\\header.tsx": 1775892785.561591,
  "src\\components\\pool\\pool-card.tsx": 1775842784.8964853,
  "src\\components\\repos\\repo-table.tsx": 1775842784.8964853,
  "src\\components\\ui\\badge.tsx": 1775842784.8964853,
  "src\\components\\ui\\button.tsx": 1775842784.8964853,
  "src\\components\\ui\\card.tsx": 1775842784.8964853,
  "src\\components\\ui\\logo.tsx": 1775891280.972999,
  "src\\components\\ui\\progress.tsx": 1775842784.8964853,
  "src\\components\\ui\\tabs.tsx": 1775842784.8964853,
  "src\\lib\\api.ts": 1775888509.1039734,
  "src\\lib\\appwrite.ts": 1775888509.1039734,
  "src\\lib\\seed-data.ts": 1775842784.8964853,
  "src\\lib\\utils.ts": 1775842784.8964853,
  "src\\types\\index.ts": 1775888509.1039734,
  "README.md": 1775891280.964156,
  "public\\apple-touch-icon.png": 1775893307.705,
  "public\\favicon-16.png": 1775893307.735,
  "public\\favicon-32.png": 1775893307.725,
  "public\\logo.png": 1775893307.685,
  "src\\app\\icon.png": 1775893307.715
}